year,variant,decile,average_change,relative_change,average_change_tax,relative_change_tax
2026,with_surtax,1,61.94,0.005209,61.56,0.005177
2026,with_surtax,2,448.77,0.015067,450.08,0.015111
2026,with_surtax,3,828.7,0.020294,825.91,0.020226
2026,with_surtax,4,855.6,0.016085,857.59,0.016122
2026,with_surtax,5,1177.7,0.01732,1182.3,0.017387
2026,with_surtax,6,2002.31,0.023632,2000.28,0.023608
2026,with_surtax,7,1543.97,0.014242,1546.18,0.014263
2026,with_surtax,8,729.88,0.005454,729.98,0.005455
2026,with_surtax,9,247.81,0.001424,248.93,0.001431
2026,with_surtax,10,-6906.55,-0.016509,-6912.13,-0.016522
2026,with_surtax_lsr_cg,1,58.58,0.004926,61.64,0.005184
2026,with_surtax_lsr_cg,2,425.84,0.014297,450.08,0.015111
2026,with_surtax_lsr_cg,3,794.47,0.019456,832.51,0.020388
2026,with_surtax_lsr_cg,4,818.57,0.015389,862.13,0.016208
2026,with_surtax_lsr_cg,5,1124.65,0.01654,1185.37,0.017433
2026,with_surtax_lsr_cg,6,1923.34,0.0227,2016.78,0.023802
2026,with_surtax_lsr_cg,7,1487.13,0.013718,1561.97,0.014408
2026,with_surtax_lsr_cg,8,703.95,0.005261,736.66,0.005505
2026,with_surtax_lsr_cg,9,239.44,0.001376,251.69,0.001446
2026,with_surtax_lsr_cg,10,-6866.06,-0.016412,-6952.89,-0.01662
2027,with_surtax,1,68.85,0.005672,68.86,0.005672
2027,with_surtax,2,476.52,0.015353,477.5,0.015385
2027,with_surtax,3,831.01,0.019559,826.36,0.01945
2027,with_surtax,4,909.46,0.016469,911.5,0.016506
2027,with_surtax,5,1263.58,0.017898,1267.35,0.017951
2027,with_surtax,6,1947.65,0.022161,1945.18,0.022133
2027,with_surtax,7,1438.38,0.012755,1443.52,0.012801
2027,with_surtax,8,761.39,0.005479,761.38,0.005479
2027,with_surtax,9,248.38,0.001377,249.55,0.001384
2027,with_surtax,10,-6938.24,-0.016118,-6943.86,-0.016131
2027,with_surtax_lsr_cg,1,65.09,0.005362,68.95,0.00568
2027,with_surtax_lsr_cg,2,452.08,0.014565,477.5,0.015385
2027,with_surtax_lsr_cg,3,796.38,0.018744,832.64,0.019598
2027,with_surtax_lsr_cg,4,870.17,0.015758,916.33,0.016594
2027,with_surtax_lsr_cg,5,1206.16,0.017085,1270.46,0.017995
2027,with_surtax_lsr_cg,6,1871.64,0.021296,1962.53,0.02233
2027,with_surtax_lsr_cg,7,1386.59,0.012296,1459.03,0.012939
2027,with_surtax_lsr_cg,8,735.1,0.00529,768.03,0.005527
2027,with_surtax_lsr_cg,9,239.67,0.001329,252.03,0.001398
2027,with_surtax_lsr_cg,10,-6894.54,-0.016016,-6987.73,-0.016233
2028,with_surtax,1,69.0,0.00554,69.01,0.005541
2028,with_surtax,2,540.82,0.016905,541.92,0.01694
2028,with_surtax,3,805.94,0.018335,801.28,0.018229
2028,with_surtax,4,942.23,0.016453,944.3,0.016489
2028,with_surtax,5,1336.55,0.018277,1340.58,0.018333
2028,with_surtax,6,1955.37,0.021407,1953.25,0.021384
2028,with_surtax,7,1416.62,0.012085,1420.9,0.012121
2028,with_surtax,8,736.64,0.005103,736.6,0.005102
2028,with_surtax,9,250.84,0.001343,252.04,0.001349
2028,with_surtax,10,-6947.2,-0.015725,-6952.89,-0.015738
2028,with_surtax_lsr_cg,1,65.23,0.005237,69.12,0.005549
2028,with_surtax_lsr_cg,2,513.02,0.016036,541.92,0.01694
2028,with_surtax_lsr_cg,3,772.24,0.017568,807.12,0.018361
2028,with_surtax_lsr_cg,4,904.82,0.0158,949.11,0.016573
2028,with_surtax_lsr_cg,5,1275.53,0.017443,1343.67,0.018375
2028,with_surtax_lsr_cg,6,1880.76,0.02059,1971.86,0.021588
2028,with_surtax_lsr_cg,7,1371.63,0.011701,1435.92,0.012249
2028,with_surtax_lsr_cg,8,711.01,0.004925,742.86,0.005146
2028,with_surtax_lsr_cg,9,242.01,0.001295,254.51,0.001362
2028,with_surtax_lsr_cg,10,-6900.72,-0.015619,-6999.68,-0.015843
2029,with_surtax,1,79.52,0.006189,79.54,0.00619
2029,with_surtax,2,639.23,0.019211,639.97,0.019233
2029,with_surtax,3,897.64,0.019563,893.5,0.019473
2029,with_surtax,4,1079.42,0.018198,1081.72,0.018237
2029,with_surtax,5,1552.38,0.020508,1557.7,0.020578
2029,with_surtax,6,2149.56,0.022698,2148.46,0.022686
2029,with_surtax,7,1573.88,0.012972,1577.76,0.013004
2029,with_surtax,8,772.65,0.005164,772.7,0.005164
2029,with_surtax,9,291.94,0.001515,292.85,0.001519
2029,with_surtax,10,-7062.79,-0.015512,-7068.6,-0.015524
2029,with_surtax_lsr_cg,1,75.0,0.005837,79.67,0.0062
2029,with_surtax_lsr_cg,2,607.04,0.018244,639.98,0.019234
2029,with_surtax_lsr_cg,3,861.33,0.018772,900.75,0.019631
2029,with_surtax_lsr_cg,4,1031.77,0.017395,1086.63,0.01832
2029,with_surtax_lsr_cg,5,1482.96,0.019591,1562.21,0.020638
2029,with_surtax_lsr_cg,6,2069.22,0.021849,2168.74,0.0229
2029,with_surtax_lsr_cg,7,1519.3,0.012522,1596.04,0.013155
2029,with_surtax_lsr_cg,8,745.84,0.004984,779.14,0.005207
2029,with_surtax_lsr_cg,9,281.78,0.001462,295.77,0.001535
2029,with_surtax_lsr_cg,10,-7012.69,-0.015402,-7119.31,-0.015636
2030,with_surtax,1,86.34,0.006446,86.36,0.006447
2030,with_surtax,2,687.94,0.019866,688.75,0.019889
2030,with_surtax,3,901.51,0.018891,897.36,0.018804
2030,with_surtax,4,1131.92,0.018382,1134.35,0.018421
2030,with_surtax,5,1639.91,0.020865,1645.44,0.020935
2030,with_surtax,6,2118.43,0.021505,2117.17,0.021492
2030,with_surtax,7,1513.02,0.012006,1516.39,0.012033
2030,with_surtax,8,770.77,0.004986,770.79,0.004986
2030,with_surtax,9,288.39,0.001446,289.29,0.001451
2030,with_surtax,10,-7324.96,-0.015576,-7331.01,-0.015588
2030,with_surtax_lsr_cg,1,81.37,0.006075,86.5,0.006458
2030,with_surtax_lsr_cg,2,652.73,0.018849,688.75,0.019889
2030,with_surtax_lsr_cg,3,868.61,0.018202,907.82,0.019023
2030,with_surtax_lsr_cg,4,1083.63,0.017598,1139.94,0.018512
2030,with_surtax_lsr_cg,5,1572.51,0.020007,1651.55,0.021013
2030,with_surtax_lsr_cg,6,2040.24,0.020711,2138.2,0.021706
2030,with_surtax_lsr_cg,7,1460.92,0.011593,1534.15,0.012174
2030,with_surtax_lsr_cg,8,744.4,0.004815,777.03,0.005026
2030,with_surtax_lsr_cg,9,278.39,0.001396,292.22,0.001466
2030,with_surtax_lsr_cg,10,-7270.59,-0.01546,-7385.54,-0.015704
2031,with_surtax,1,87.89,0.006375,87.91,0.006376
2031,with_surtax,2,736.35,0.020538,737.25,0.020563
2031,with_surtax,3,902.58,0.018243,898.59,0.018162
2031,with_surtax,4,1110.32,0.017395,1112.88,0.017435
2031,with_surtax,5,1729.81,0.02123,1735.39,0.021299
2031,with_surtax,6,2105.3,0.020602,2103.58,0.020585
2031,with_surtax,7,1433.22,0.010966,1436.06,0.010988
2031,with_surtax,8,741.53,0.004618,741.51,0.004618
2031,with_surtax,9,296.17,0.00143,297.07,0.001434
2031,with_surtax,10,-7659.71,-0.015742,-7666.04,-0.015755
2031,with_surtax_lsr_cg,1,82.9,0.006013,88.06,0.006387
2031,with_surtax_lsr_cg,2,698.49,0.019482,737.28,0.020564
2031,with_surtax_lsr_cg,3,869.6,0.017576,908.98,0.018372
2031,with_surtax_lsr_cg,4,1061.45,0.01663,1118.02,0.017516
2031,with_surtax_lsr_cg,5,1656.38,0.020329,1744.23,0.021407
2031,with_surtax_lsr_cg,6,2029.36,0.019859,2126.36,0.020808
2031,with_surtax_lsr_cg,7,1383.51,0.010586,1452.43,0.011113
2031,with_surtax_lsr_cg,8,716.92,0.004465,747.86,0.004658
2031,with_surtax_lsr_cg,9,285.84,0.00138,300.04,0.001448
2031,with_surtax_lsr_cg,10,-7600.91,-0.015622,-7724.69,-0.015876
2032,with_surtax,1,96.49,0.006797,96.51,0.006798
2032,with_surtax,2,784.06,0.021048,785.02,0.021074
2032,with_surtax,3,941.73,0.018344,941.46,0.018339
2032,with_surtax,4,1133.19,0.017124,1135.48,0.017159
2032,with_surtax,5,1802.81,0.02138,1808.18,0.021443
2032,with_surtax,6,2080.14,0.01963,2078.37,0.019614
2032,with_surtax,7,1396.39,0.010291,1398.8,0.010309
2032,with_surtax,8,737.66,0.004435,737.62,0.004435
2032,with_surtax,9,295.47,0.001376,296.37,0.00138
2032,with_surtax,10,-8039.16,-0.015953,-8045.81,-0.015966
2032,with_surtax_lsr_cg,1,90.93,0.006405,96.69,0.006811
2032,with_surtax_lsr_cg,2,743.78,0.019967,785.04,0.021075
2032,with_surtax_lsr_cg,3,907.26,0.017672,951.87,0.018541
2032,with_surtax_lsr_cg,4,1082.49,0.016358,1140.35,0.017232
2032,with_surtax_lsr_cg,5,1726.41,0.020474,1816.93,0.021547
2032,with_surtax_lsr_cg,6,2004.68,0.018918,2100.84,0.019826
2032,with_surtax_lsr_cg,7,1348.41,0.009937,1414.93,0.010428
2032,with_surtax_lsr_cg,8,713.04,0.004287,743.88,0.004473
2032,with_surtax_lsr_cg,9,285.41,0.001329,299.61,0.001395
2032,with_surtax_lsr_cg,10,-7976.06,-0.015827,-8108.64,-0.016091
2033,with_surtax,1,103.95,0.0071,103.97,0.007101
2033,with_surtax,2,797.77,0.020612,799.35,0.020653
2033,with_surtax,3,972.49,0.018227,971.86,0.018215
2033,with_surtax,4,1169.19,0.017017,1171.61,0.017052
2033,with_surtax,5,1827.89,0.020856,1832.81,0.020912
2033,with_surtax,6,2090.87,0.018948,2088.97,0.01893
2033,with_surtax,7,1330.09,0.009448,1332.05,0.009462
2033,with_surtax,8,730.51,0.004242,730.45,0.004242
2033,with_surtax,9,279.93,0.001257,280.84,0.001261
2033,with_surtax,10,-8452.61,-0.016163,-8459.6,-0.016177
2033,with_surtax_lsr_cg,1,97.92,0.006688,104.16,0.007114
2033,with_surtax_lsr_cg,2,758.48,0.019597,800.93,0.020694
2033,with_surtax_lsr_cg,3,936.66,0.017555,982.54,0.018415
2033,with_surtax_lsr_cg,4,1116.8,0.016255,1176.33,0.017121
2033,with_surtax_lsr_cg,5,1752.53,0.019996,1843.37,0.021033
2033,with_surtax_lsr_cg,6,2014.63,0.018257,2111.33,0.019133
2033,with_surtax_lsr_cg,7,1284.2,0.009122,1347.22,0.00957
2033,with_surtax_lsr_cg,8,705.78,0.004099,736.64,0.004278
2033,with_surtax_lsr_cg,9,270.13,0.001213,283.94,0.001275
2033,with_surtax_lsr_cg,10,-8384.8,-0.016034,-8526.68,-0.016305
2034,with_surtax,1,93.01,0.006221,93.04,0.006223
2034,with_surtax,2,862.63,0.021509,864.25,0.021549
2034,with_surtax,3,972.3,0.017559,972.0,0.017554
2034,with_surtax,4,1301.8,0.018294,1304.37,0.01833
2034,with_surtax,5,1892.19,0.02082,1896.68,0.020869
2034,with_surtax,6,2017.32,0.017579,2015.43,0.017563
2034,with_surtax,7,1302.39,0.008926,1303.88,0.008936
2034,with_surtax,8,707.66,0.00397,707.59,0.00397
2034,with_surtax,9,276.55,0.001198,277.47,0.001202
2034,with_surtax,10,-8873.86,-0.01638,-8881.2,-0.016393
2034,with_surtax_lsr_cg,1,87.33,0.005841,93.27,0.006238
2034,with_surtax_lsr_cg,2,820.2,0.020451,865.82,0.021589
2034,with_surtax_lsr_cg,3,936.54,0.016914,982.65,0.017746
2034,with_surtax_lsr_cg,4,1243.56,0.017475,1309.71,0.018405
2034,with_surtax_lsr_cg,5,1816.66,0.019988,1909.71,0.021012
2034,with_surtax_lsr_cg,6,1943.9,0.01694,2036.69,0.017748
2034,with_surtax_lsr_cg,7,1258.21,0.008623,1319.0,0.00904
2034,with_surtax_lsr_cg,8,683.35,0.003834,713.58,0.004003
2034,with_surtax_lsr_cg,9,266.77,0.001155,280.55,0.001215
2034,with_surtax_lsr_cg,10,-8801.28,-0.016246,-8952.8,-0.016526
2035,with_surtax,1,122.43,0.007856,122.44,0.007856
2035,with_surtax,2,898.8,0.021544,900.56,0.021586
2035,with_surtax,3,982.26,0.017116,982.26,0.017117
2035,with_surtax,4,1303.88,0.017663,1306.49,0.017698
2035,with_surtax,5,1988.54,0.021128,1992.48,0.021169
2035,with_surtax,6,1951.22,0.016386,1949.33,0.01637
2035,with_surtax,7,1242.23,0.008206,1243.17,0.008212
2035,with_surtax,8,710.33,0.003853,710.22,0.003852
2035,with_surtax,9,272.43,0.00114,273.33,0.001144
2035,with_surtax,10,-9303.42,-0.01658,-9311.11,-0.016593
2035,with_surtax_lsr_cg,1,115.1,0.007385,122.67,0.007871
2035,with_surtax_lsr_cg,2,855.2,0.020499,902.8,0.02164
2035,with_surtax_lsr_cg,3,946.12,0.016487,992.77,0.0173
2035,with_surtax_lsr_cg,4,1245.55,0.016872,1311.69,0.017769
2035,with_surtax_lsr_cg,5,1910.27,0.020296,2006.97,0.021323
2035,with_surtax_lsr_cg,6,1880.27,0.01579,1969.94,0.016543
2035,with_surtax_lsr_cg,7,1200.27,0.007929,1257.31,0.008305
2035,with_surtax_lsr_cg,8,685.54,0.003718,716.24,0.003885
2035,with_surtax_lsr_cg,9,262.77,0.0011,276.41,0.001157
2035,with_surtax_lsr_cg,10,-9225.81,-0.016441,-9387.46,-0.016729
